{
    "HABERSHAM": [
        -83.681596,
        34.431712,
        -83.338234,
        34.827609
    ],
    "HALL": [
        -84.062187,
        34.098652,
        -83.615218,
        34.514096
    ],
    "APPLING": [
        -82.550714,
        31.469253,
        -82.048582,
        31.966182
    ],
    "HANCOCK": [
        -83.27522,
        33.049864,
        -82.746191,
        33.469178
    ],
    "TALIAFERRO": [
        -83.014038,
        33.43811,
        -82.679975,
        33.733333
    ],
    "MCDUFFIE": [
        -82.649705,
        33.310879,
        -82.294179,
        33.659994
    ],
    "BAKER": [
        -84.641953,
        31.0784,
        -84.140868,
        31.454761
    ],
    "RABUN": [
        -83.661672,
        34.716053,
        -83.098381,
        35.001244
    ],
    "FAYETTE": [
        -84.62702,
        33.256501,
        -84.381639,
        33.550933
    ],
    "BRYAN": [
        -81.781712,
        31.7260700164189,
        -81.138324,
        32.241289
    ],
    "TWIGGS": [
        -83.611569,
        32.452198,
        -83.226536,
        32.89822
    ],
    "MUSCOGEE": [
        -85.0806178512654,
        32.373902,
        -84.667463,
        32.608095275146
    ],
    "TATTNALL": [
        -82.234982,
        31.782607,
        -81.761735,
        32.318838
    ],
    "PUTNAM": [
        -83.545876,
        33.167491,
        -83.143428,
        33.483438
    ],
    "LIBERTY": [
        -81.824405,
        31.558152,
        -81.128845,
        32.092525
    ],
    "MURRAY": [
        -84.944335,
        34.583187,
        -84.582195,
        34.988329
    ],
    "COBB": [
        -84.739679,
        33.743683,
        -84.374666,
        34.081779
    ],
    "JEFFERSON": [
        -82.661922,
        32.761487,
        -82.232554,
        33.313236
    ],
    "OGLETHORPE": [
        -83.306619,
        33.689869,
        -82.779506,
        34.047638
    ],
    "BRANTLEY": [
        -82.284561,
        31.010448,
        -81.731694,
        31.373721
    ],
    "WARREN": [
        -82.866605,
        33.25344,
        -82.383829,
        33.611422
    ],
    "MONTGOMERY": [
        -82.656205,
        31.948604,
        -82.40913,
        32.353738
    ],
    "BURKE": [
        -82.316512,
        32.803863,
        -81.5417333250364,
        33.296989
    ],
    "GILMER": [
        -84.657098,
        34.548495,
        -84.193481,
        34.857456
    ],
    "HENRY": [
        -84.3544,
        33.297631,
        -83.922903,
        33.647307
    ],
    "MITCHELL": [
        -84.508078,
        31.077192,
        -83.997796,
        31.443753
    ],
    "LOWNDES": [
        -83.484766,
        30.6239892066814,
        -83.019419,
        31.031964
    ],
    "PIERCE": [
        -82.417412,
        31.202082,
        -81.992116,
        31.530699
    ],
    "WASHINGTON": [
        -83.073648,
        32.756261,
        -82.510851,
        33.238428
    ],
    "CHATHAM": [
        -81.391698,
        31.720934,
        -80.840378,
        32.237468
    ],
    "WHITFIELD": [
        -85.168448,
        34.615735,
        -84.8104769358134,
        34.988004
    ],
    "FULTON": [
        -84.851158,
        33.502515,
        -84.097674,
        34.186289
    ],
    "COLUMBIA": [
        -82.442846,
        33.354635,
        -82.028238,
        33.70058
    ],
    "BIBB": [
        -83.89205,
        32.660643,
        -83.48943,
        32.952792
    ],
    "OCONEE": [
        -83.647031,
        33.698307,
        -83.275933,
        33.965912
    ],
    "SCREVEN": [
        -81.868676,
        32.489286,
        -81.3892612409816,
        33.0456858148391
    ],
    "UNION": [
        -84.179086,
        34.640552,
        -83.780346,
        34.9875038108939
    ],
    "WHEELER": [
        -82.939759,
        31.918883,
        -82.539184,
        32.310242
    ],
    "NEWTON": [
        -84.055212,
        33.367239,
        -83.674644,
        33.744203
    ],
    "SUMTER": [
        -84.443807,
        31.87281,
        -83.919119,
        32.229703
    ],
    "TOOMBS": [
        -82.483131,
        31.911798,
        -82.181926,
        32.35383
    ],
    "BULLOCH": [
        -82.030233,
        32.15289,
        -81.433128,
        32.653385
    ],
    "WHITE": [
        -83.877276,
        34.503602,
        -83.615631,
        34.801495
    ],
    "LINCOLN": [
        -82.645606,
        33.636979,
        -82.218649,
        33.984195
    ],
    "CAMDEN": [
        -81.936749,
        30.708656,
        -81.403409,
        31.16965
    ],
    "BALDWIN": [
        -83.42909,
        32.926141,
        -83.044327,
        33.190377
    ],
    "CHARLTON": [
        -82.420442,
        30.357851,
        -81.891899,
        31.075809
    ],
    "HOUSTON": [
        -83.856851,
        32.282583,
        -83.482459,
        32.692169
    ],
    "ELBERT": [
        -83.103264,
        33.9557408056418,
        -82.5645307378126,
        34.2887156346273
    ],
    "BARROW": [
        -83.869115,
        33.894573,
        -83.5369,
        34.127493
    ],
    "RICHMOND": [
        -82.353498,
        33.227192,
        -81.828336,
        33.544934
    ],
    "BLECKLEY": [
        -83.498039,
        32.272489,
        -83.138991,
        32.584201
    ],
    "TALBOT": [
        -84.703196,
        32.518662,
        -84.286246,
        32.883595
    ],
    "BERRIEN": [
        -83.43901,
        31.025405,
        -83.033468,
        31.475991
    ],
    "EMANUEL": [
        -82.647733,
        32.291882,
        -82.001236,
        32.84123
    ],
    "TELFAIR": [
        -83.20749,
        31.774629,
        -82.645659,
        32.153274
    ],
    "BROOKS": [
        -83.743729,
        30.6344048630721,
        -83.309186,
        31.078946
    ],
    "GREENE": [
        -83.406189,
        33.35503,
        -82.950752,
        33.761774
    ],
    "GLYNN": [
        -81.782629,
        31.012991,
        -81.269552,
        31.453019
    ],
    "CARROLL": [
        -85.3382006083928,
        33.425506,
        -84.809181,
        33.812322
    ],
    "CLAYTON": [
        -84.458665,
        33.352465,
        -84.243858,
        33.648875
    ],
    "LANIER": [
        -83.197995,
        30.844709,
        -82.970056,
        31.184003
    ],
    "PEACH": [
        -84.018147,
        32.439148,
        -83.701086,
        32.692815
    ],
    "COLQUITT": [
        -84.013858,
        31.025846,
        -83.505386,
        31.334966
    ],
    "HARALSON": [
        -85.3864734721684,
        33.652087,
        -85.036684,
        33.906302
    ],
    "CALHOUN": [
        -84.828062,
        31.427882,
        -84.412521,
        31.64367
    ],
    "TOWNS": [
        -83.946177,
        34.791048,
        -83.546883,
        34.992492
    ],
    "ROCKDALE": [
        -84.184143,
        33.525776,
        -83.913229,
        33.786054
    ],
    "JASPER": [
        -83.863362,
        33.131816,
        -83.533736,
        33.52622
    ],
    "DECATUR": [
        -84.871322,
        30.6899688310078,
        -84.376205,
        31.079504
    ],
    "DEKALB": [
        -84.349875,
        33.614666,
        -84.023713,
        33.97088
    ],
    "JACKSON": [
        -83.817682,
        33.966178,
        -83.357051,
        34.295819
    ],
    "CRAWFORD": [
        -84.202628,
        32.529927,
        -83.70109,
        32.857136
    ],
    "UPSON": [
        -84.534397,
        32.690018,
        -84.122361,
        33.00415
    ],
    "BENHILL": [
        -83.484529,
        31.651691,
        -82.995698,
        31.851783
    ],
    "BANKS": [
        -83.669243,
        34.197499,
        -83.338123,
        34.491725
    ],
    "STEPHENS": [
        -83.45843,
        34.460998,
        -83.1032564413114,
        34.687187
    ],
    "CATOOSA": [
        -85.265055,
        34.767639,
        -84.979661,
        34.987647
    ],