{
    "BALDWIN": [
        -83.42909,
        32.926141,
        -83.044327,
        33.190377
    ],
    "BROOKS": [
        -83.743729,
        30.6344048630721,
        -83.309186,
        31.078958
    ],
    "EFFINGHAM": [
        -81.548006,
        32.095886,
        -81.119633,
        32.5953827593042
    ],
    "FULTON": [
        -84.850713,
        33.502511,
        -84.09769299999999,
        34.186288999999995
    ],
    "HANCOCK": [
        -83.27521999999999,
        33.049849,
        -82.746191,
        33.469178
    ],
    "HEARD": [
        -85.2939021634333,
        33.129561548877895,
        -84.939015,
        33.428079319201196
    ],
    "LIBERTY": [
        -81.824405,
        31.558152,
        -81.128845,
        32.092551
    ],
    "LONG": [
        -81.98162099999999,
        31.538667,
        -81.491798,
        32.014882
    ],
    "MCDUFFIE": [
        -82.649705,
        33.310879,
        -82.294179,
        33.659994
    ],
    "MONTGOMERY": [
        -82.65618099999999,
        31.948604,
        -82.40912999999999,
        32.353738
    ],
    "PIERCE": [
        -82.417412,
        31.202081999999997,
        -81.992114,
        31.530699
    ],
    "TATTNALL": [
        -82.234982,
        31.782607,
        -81.761735,
        32.318838
    ],
    "TELFAIR": [
        -83.20748999999999,
        31.774628999999997,
        -82.645659,
        32.153273999999996
    ],
    "UNION": [
        -84.179086,
        34.640552,
        -83.780346,
        34.9875038108939
    ],
    "WAYNE": [
        -82.147948,
        31.327101,
        -81.612054,
        31.829296
    ],
    "WILKINSON": [
        -83.40699,
        32.584201,
        -82.94512,
        33.008666
    ],
    "TREUTLEN": [
        -82.74873199999999,
        32.29363,
        -82.38194,
        32.512507
    ],
    "TWIGGS": [
        -83.611569,
        32.452197999999996,
        -83.226536,
        32.89822
    ],
    "WHITFIELD": [
        -85.168448,
        34.615735,
        -84.8104769358134,
        34.988004
    ],
    "WILKES": [
        -82.987286,
        33.596239,
        -82.479518,
        33.991402
    ],
    "CHATHAM": [
        -81.39169799999999,
        31.720934,
        -80.83972899999999,
        32.237494999999996
    ],
    "COWETA": [
        -85.01535799999999,
        33.191043,
        -84.49704299999999,
        33.511758
    ],
    "GILMER": [
        -84.65709799999999,
        34.548494999999996,
        -84.19348099999999,
        34.857456
    ],
    "GREENE": [
        -83.406189,
        33.35503,
        -82.950752,
        33.761773999999996
    ],
    "HABERSHAM": [
        -83.681596,
        34.431748,
        -83.3383927360355,
        34.827608999999995
    ],
    "HALL": [
        -84.06284099999999,
        34.098506,
        -83.615251,
        34.514095999999995
    ],
    "HARALSON": [
        -85.38647347216839,
        33.652087,
        -85.036684,
        33.906302
    ],
    "JACKSON": [
        -83.81768199999999,
        33.965911999999996,
        -83.357051,
        34.295276
    ],
    "LAMAR": [
        -84.27014,
        32.931497,
        -84.040915,
        33.202824
    ],
    "LINCOLN": [
        -82.645606,
        33.636979,
        -82.218649,
        33.984195
    ],
    "LOWNDES": [
        -83.484766,
        30.623989206681397,
        -83.019419,
        31.031964
    ],
    "MADISON": [
        -83.402428,
        33.999098,
        -82.976294,
        34.27353
    ],
    "MURRAY": [
        -84.944335,
        34.583186999999995,
        -84.582195,
        34.988329
    ],
    "NEWTON": [
        -84.055212,
        33.367239,
        -83.674644,
        33.744203
    ],
    "PUTNAM": [
        -83.54587599999999,
        33.167491,
        -83.143428,
        33.483438
    ],
    "RICHMOND": [
        -82.353498,
        33.227191999999995,
        -81.827938,
        33.544934
    ],
    "SCREVEN": [
        -81.868676,
        32.489286,
        -81.3892612409816,
        33.045654
    ],
    "TAYLOR": [
        -84.453232,
        32.372053,
        -84.001971,
        32.747626
    ],
    "TOOMBS": [
        -82.483131,
        31.911797999999997,
        -82.18192599999999,
        32.35383
    ],
    "BIBB": [
        -83.89205,
        32.660643,
        -83.48943,
        32.952791999999995
    ],
    "BRYAN": [
        -81.781712,
        31.7260700164189,
        -81.138324,
        32.241289
    ],
    "OCONEE": [
        -83.647031,
        33.698307,
        -83.275933,
        33.965911999999996
    ],
    "BAKER": [
        -84.641953,
        31.078400000000002,
        -84.140868,
        31.454760999999998
    ],
    "APPLING": [
        -82.550714,
        31.469253,
        -82.048582,
        31.966182
    ],
    "CRAWFORD": [
        -84.20262799999999,
        32.529927,
        -83.70109,
        32.857136
    ],
    "GWINNETT": [
        -84.277093,
        33.752808,
        -83.799104,
        34.167873
    ],
    "WHITE": [
        -83.877276,
        34.503602,
        -83.615631,
        34.801494999999996
    ],
    "SUMTER": [
        -84.44380699999999,
        31.872809999999998,
        -83.919119,
        32.229703
    ],
    "BRANTLEY": [
        -82.284561,
        31.010448,
        -81.73169399999999,
        31.373721
    ],
    "COOK": [
        -83.57696899999999,
        31.027275,
        -83.279781,
        31.350361
    ],
    "WASHINGTON": [
        -83.07364799999999,
        32.756260999999995,
        -82.510851,
        33.238428
    ],
    "MILLER": [
        -84.922423,
        31.068009999999997,
        -84.53710099999999,
        31.259442
    ],
    "TALIAFERRO": [
        -83.014038,
        33.43811,
        -82.679975,
        33.733333
    ],
    "EMANUEL": [
        -82.647733,
        32.291882,
        -82.00123599999999,
        32.841229999999996
    ],
    "MUSCOGEE": [
        -85.08061785126539,
        32.373902,
        -84.667463,
        32.608095275146006
    ],
    "WARREN": [
        -82.86660499999999,
        33.25344,
        -82.38382899999999,
        33.611422
    ],
    "WHEELER": [
        -82.939759,
        31.918882999999997,
        -82.53918399999999,
        32.310241999999995
    ],
    "BULLOCH": [
        -82.030233,
        32.15289,
        -81.433067,
        32.653385
    ],
    "BERRIEN": [
        -83.43901,
        31.025405,
        -83.033468,
        31.475990999999997
    ],
    "FAYETTE": [
        -84.62722,
        33.2565,
        -84.38163899999999,
        33.550933
    ],
    "HENRY": [
        -84.3544,
        33.297806,
        -83.922546,
        33.647411
    ],
    "MCINTOSH": [
        -81.668289,
        31.290955999999998,
        -81.176619,
        31.699575
    ],
    "CLAYTON": [
        -84.458927,
        33.352464999999995,
        -84.243858,
        33.648876
    ],
    "JASPER": [
        -83.863362,
        33.131816,
        -83.53373599999999,
        33.526219999999995
    ],
    "ATKINSON": [
        -83.14151799999999,
        31.183038,
        -82.628975,
        31.420395
    ],
    "FORSYTH": [
        -84.25891899999999,
        34.050708,
        -83.92559,
        34.335156
    ],
    "JONES": [
        -83.816845,
        32.841291,
        -83.35768499999999,
        33.185837
    ],
    "MARION": [
        -84.65898299999999,
        32.134057999999996,
        -84.389927,
        32.562083
    ],
    "CLARKE": [
        -83.537385,
        33.847977,
        -83.24086,
        34.040572
    ],
    "COFFEE": [
        -83.15108699999999,
        31.363908,
        -82.596283,
        31.816153999999997
    ],
    "DADE": [
        -85.605165,
        34.6238579271308,
        -85.363919,
        34.984677999999995
    ],
    "HARRIS": [
        -85.18491399999999,
        32.58328,
        -84.682876,
        32.872495
    ],